[{"descricao":"Cerveja Heineken  330ml","valor":"9.00","estoque":50,"hash":"OTk3NDgzNTUxNjE3MQ=="},{"descricao":"Espetinho de Medalhão de Frango","valor":"9.00","estoque":20,"hash":"Mzk1NDgwODUxNjE3MQ=="},{"descricao":"Espetinho de Carne","valor":"9.00","estoque":50,"hash":"MjEzNzcwODUxNjE3MQ=="},{"descricao":"Espetinho de Coração","valor":9,"estoque":0,"hash":"MjE1NTYwODUxNjE3MQ=="},{"descricao":"Espetinho de Linguiça","valor":9,"estoque":0,"hash":"NTIyMTgxNTI1NjE3MQ=="},{"descricao":"Espetinho de Queijo","valor":9,"estoque":0,"hash":"NjY2NTI5NzUxNjE3MQ=="},{"descricao":"Espetinho de Cafta","valor":9,"estoque":0,"hash":"NDExMzUzNDU5NjE3MQ=="},{"descricao":"Espetinho de Frango","valor":9,"estoque":0,"hash":"MDczOTYzNDU5NjE3MQ=="}]