[{
  "hash": "NjgzNDc3NDQ4NTE3MQ==",
  "name": "Serginho",
  "device": "Iphone 10",
  "status": "paid",
  "products": [{
    "hashItem": "NzgzNDc3NDQ4NTE3MQ==",
    "qtd": 1,
    "descricao": "Medalhão de Frango",
    "valor": 15,
    "time": 1715844774386,
    "status": true
  }, {
    "hashItem": "ODgzNDc3NDQ4NTE3MQ==",
    "qtd": 1,
    "descricao": "Medalhão de Frango",
    "valor": 15,
    "time": 1715844774386,
    "status": true
  }, {
    "hashItem": "NzgzNDc3NDQ4NTE3M4==",
    "qtd": 1,
    "descricao": "Heineken 330ml",
    "valor": 9,
    "time": 1715844774386,
    "status": true
  }, {
    "hashItem": "ODgzNDc3NDQ4NTE3M5==",
    "qtd": 1,
    "descricao": "Heineken 330ml",
    "valor": 9,
    "time": 1715844774386,
    "status": false
  }, {
    "hashItem": "OTgzNDc3NDQ4NTE3MQ==",
    "qtd": 1,
    "descricao": "Heineken 330ml",
    "valor": 9,
    "time": 1715844774386,
    "status": true
  }]
}, {
  "hash": "123abc",
  "name": "Felipe",
  "device": "Iphone 12",
  "status": "preparing",
  "products": [{
    "hashItem": "102030",
    "qtd": 1,
    "descricao": "Medalhão de Frango",
    "valor": 15,
    "time": "2024-05-12 20:15:40",
    "status": true
  }, {
    "hashItem": "102031",
    "qtd": 1,
    "descricao": "Medalhão de Frango",
    "valor": 15,
    "time": "2024-05-12 20:15:40",
    "status": false
  }, {
    "hashItem": "102032",
    "qtd": 1,
    "descricao": "Medalhão de Frango",
    "valor": 15,
    "time": "2024-05-12 20:15:40",
    "status": true
  }]
}, {
  "hash": "123abc2",
  "name": "Bruno",
  "device": "NDE3ODUxODI1NjE3MQ==",
  "status": "started",
  "products": [{
    "hashItem": "12340",
    "qtd": 1,
    "descricao": "Medalhão de Frango",
    "valor": 15,
    "time": "2024-05-12 20:15:40",
    "status": true
  }, {
    "hashItem": "12341",
    "qtd": 1,
    "descricao": "Medalhão de Frango",
    "valor": 15,
    "time": "2024-05-12 20:15:40",
    "status": true
  }]
}]