[{
  "name": "BrunoMobile",
  "device": "MzQ2MjIxNTE1NjE3MQ==",
  "products": [{
    "hashItem": "NjQ5Njk3NTM1NjE3MQ==",
    "qtd": 1,
    "descricao": "Cerveja Heineken  330ml",
    "valor": 9,
    "time": "2024-05-24 04:29:56",
    "status": true
  }, {
    "hashItem": "NzQ5Njk3NTM1NjE3MQ==",
    "qtd": 1,
    "descricao": "Cerveja Heineken  330ml",
    "valor": 9,
    "time": "2024-05-24 04:29:56",
    "status": true
  }, {
    "hashItem": "NzQ5Njk3NTM1NjE3MQ==",
    "qtd": 1,
    "descricao": "Espetinho de Carne",
    "valor": 9,
    "time": "2024-05-24 04:29:56",
    "status": true
  }, {
    "hashItem": "NzQ5Njk3NTM1NjE3MQ==",
    "qtd": 1,
    "descricao": "Espetinho de Medalhão de Frango",
    "valor": 9,
    "time": "2024-05-24 04:29:56",
    "status": true
  }, {
    "hashItem": "NzQ5Njk3NTM1NjE3MQ==",
    "qtd": 1,
    "descricao": "Espetinho de Queijo",
    "valor": 9,
    "time": "2024-05-24 04:29:56",
    "status": true
  }],
  "hash": "NTQ5Njk3NTM1NjE3MQ==",
  "status": "started"
}, {
  "name": "BrunoMobile",
  "device": "MzQ2MjIxNTE1NjE3MQ==",
  "products": [{
    "hashItem": "NDA3Nzg4NDM1NjE3MQ==",
    "qtd": 1,
    "descricao": "Cerveja Heineken  330ml",
    "valor": 9,
    "time": "2024-05-24 04:14:47",
    "status": true
  }, {
    "hashItem": "NTA3Nzg4NDM1NjE3MQ==",
    "qtd": 1,
    "descricao": "Cerveja Heineken  330ml",
    "valor": 9,
    "time": "2024-05-24 04:14:47",
    "status": false
  }, {
    "hashItem": "NTA3Nzg4NDM1NjE3MQ==",
    "qtd": 1,
    "descricao": "Espetinho de Cafta (Especial)",
    "valor": 9.5,
    "time": "2024-05-24 04:14:47",
    "status": true
  }, {
    "hashItem": "NTA3Nzg4NDM1NjE3MQ==",
    "qtd": 1,
    "descricao": "Espetinho de Carne",
    "valor": 9,
    "time": "2024-05-24 04:14:47",
    "status": true
  }, {
    "hashItem": "NTA3Nzg4NDM1NjE3MQ==",
    "qtd": 1,
    "descricao": "Espetinho de Coração",
    "valor": 9,
    "time": "2024-05-24 04:14:47",
    "status": true
  }, {
    "hashItem": "NTA3Nzg4NDM1NjE3MQ==",
    "qtd": 1,
    "descricao": "Espetinho de Linguiça",
    "valor": 9,
    "time": "2024-05-24 04:14:47",
    "status": true
  }, {
    "hashItem": "NTA3Nzg4NDM1NjE3MQ==",
    "qtd": 1,
    "descricao": "Espetinho de Medalhão de Frango",
    "valor": 9,
    "time": "2024-05-24 04:14:47",
    "status": true
  }, {
    "hashItem": "NTA3Nzg4NDM1NjE3MQ==",
    "qtd": 1,
    "descricao": "Espetinho de Queijo",
    "valor": 9,
    "time": "2024-05-24 04:14:47",
    "status": true
  }],
  "hash": "MzA3Nzg4NDM1NjE3MQ==",
  "status": "deleted"
}, {
  "name": "Bruno",
  "device": "NDE3ODUxODI1NjE3MQ==",
  "products": [{
    "hashItem": "NDEyMDE3NDM1NjE3MQ==",
    "qtd": 1,
    "descricao": "Cerveja Heineken  330ml",
    "valor": "9.00",
    "time": "2024-05-24 04:11:50",
    "status": true
  }, {
    "hashItem": "NTEyMDE3NDM1NjE3MQ==",
    "qtd": 1,
    "descricao": "Cerveja Heineken  330ml",
    "valor": "9.00",
    "time": "2024-05-24 04:11:50",
    "status": true
  }],
  "hash": "MzEyMDE3NDM1NjE3MQ==",
  "status": "paid"
}, {
  "name": "Bruno",
  "device": "NDE3ODUxODI1NjE3MQ==",
  "products": [{
    "hashItem": "MDg2OTI2NDM1NjE3MQ==",
    "qtd": 1,
    "descricao": "Cerveja Heineken  330ml",
    "valor": "9.00",
    "time": "2024-05-24 04:10:29",
    "status": true
  }, {
    "hashItem": "MTg2OTI2NDM1NjE3MQ==",
    "qtd": 1,
    "descricao": "Cerveja Heineken  330ml",
    "valor": "9.00",
    "time": "2024-05-24 04:10:29",
    "status": true
  }],
  "hash": "OTc2OTI2NDM1NjE3MQ==",
  "status": "paid"
}, {
  "name": "Bruno",
  "device": "NDE3ODUxODI1NjE3MQ==",
  "products": [{
    "hashItem": "MzU0Njg1NDM1NjE3MQ==",
    "qtd": 1,
    "descricao": "Cerveja Heineken  330ml",
    "valor": "9.00",
    "time": "2024-05-24 04:09:46",
    "status": true
  }, {
    "hashItem": "NDU0Njg1NDM1NjE3MQ==",
    "qtd": 1,
    "descricao": "Cerveja Heineken  330ml",
    "valor": "9.00",
    "time": "2024-05-24 04:09:46",
    "status": true
  }],
  "hash": "MjU0Njg1NDM1NjE3MQ==",
  "status": "canceled"
}, {
  "name": "Bruno",
  "device": "NDE3ODUxODI1NjE3MQ==",
  "products": [{
    "hashItem": "NjQwMzYyNDM1NjE3MQ==",
    "qtd": 1,
    "descricao": "Cerveja Heineken  330ml",
    "valor": "9.00",
    "time": "2024-05-24 04:04:23",
    "status": true
  }, {
    "hashItem": "ODQwMzYyNDM1NjE3MQ==",
    "qtd": 1,
    "descricao": "Cerveja Heineken  330ml",
    "valor": "9.00",
    "time": "2024-05-24 04:04:23",
    "status": true
  }, {
    "hashItem": "NzQwMzYyNDM1NjE3MQ==",
    "qtd": 1,
    "descricao": "Espetinho de Medalhão de Frango",
    "valor": "9.00",
    "time": "2024-05-24 04:04:23",
    "status": true
  }],
  "hash": "NDQwMzYyNDM1NjE3MQ==",
  "status": "preparing"
}]